path,sha256,bytes,source,redistribution_rights
episodes/2026-06-02-p-WXHu2gU2s/fps-arena/src/assets/sprites/boss-back.webp,3a317e95fe6eac61275655c623f8119e3704197d6a975c830ad006384c1cb6ee,109464,historical public opus48 snapshot,generated by the show hosts (owner statement 2026-10-03); MIT with the repository
episodes/2026-06-02-p-WXHu2gU2s/fps-arena/src/assets/sprites/boss-side.webp,cb5a1813d0cf7b82349db206051feeeddda60fba04c223779f156e5c25301f12,71876,historical public opus48 snapshot,generated by the show hosts (owner statement 2026-10-03); MIT with the repository
episodes/2026-06-02-p-WXHu2gU2s/fps-arena/src/assets/sprites/boss.webp,d32493350ddb24bd6b81ec4dafd8edd6ab91a111a750862a3574aca49ec1e97d,113870,historical public opus48 snapshot,generated by the show hosts (owner statement 2026-10-03); MIT with the repository
episodes/2026-06-02-p-WXHu2gU2s/fps-arena/src/assets/sprites/enemy-melee-back.webp,73d81353a05d6f29945763bd56e3b33bba5df3b2433d6e6ba03fa88838c24b4f,43846,historical public opus48 snapshot,generated by the show hosts (owner statement 2026-10-03); MIT with the repository
episodes/2026-06-02-p-WXHu2gU2s/fps-arena/src/assets/sprites/enemy-melee-side.webp,985629214385e8559f16b7620744d1c42c4eab75cb2a7b18996ce500f2efadab,38222,historical public opus48 snapshot,generated by the show hosts (owner statement 2026-10-03); MIT with the repository
episodes/2026-06-02-p-WXHu2gU2s/fps-arena/src/assets/sprites/enemy-melee.webp,c8c986dc94e41d2d3b94896707072a9ec2a045d13dd84b87739d9d1d6b5dba17,50330,historical public opus48 snapshot,generated by the show hosts (owner statement 2026-10-03); MIT with the repository
episodes/2026-06-02-p-WXHu2gU2s/fps-arena/src/assets/sprites/enemy-ranged-back.webp,1f15469f61522d770803ceaf6b943691d64b7bca7da8b3bb0174df171879f29e,37398,historical public opus48 snapshot,generated by the show hosts (owner statement 2026-10-03); MIT with the repository
episodes/2026-06-02-p-WXHu2gU2s/fps-arena/src/assets/sprites/enemy-ranged-side.webp,ca91941a88483d22e0dbd1aaa7b510809163f96a0fd959adc333bfb9758a98f6,32934,historical public opus48 snapshot,generated by the show hosts (owner statement 2026-10-03); MIT with the repository
episodes/2026-06-02-p-WXHu2gU2s/fps-arena/src/assets/sprites/enemy-ranged.webp,36b4b1e5877debe229eea58a29ecb5f679129247fa2c3abc12b88d88e806c3f5,36326,historical public opus48 snapshot,generated by the show hosts (owner statement 2026-10-03); MIT with the repository
episodes/2026-06-02-p-WXHu2gU2s/fps-arena/src/assets/sprites/pickup-ammo.webp,bbe2fad73198f3b43f2e51b5672956dec349755c5708f5419c000b00b479771a,29402,historical public opus48 snapshot,generated by the show hosts (owner statement 2026-10-03); MIT with the repository
episodes/2026-06-02-p-WXHu2gU2s/fps-arena/src/assets/sprites/pickup-damage.webp,330744a6481cc647cfcf9123021fe2772668dbd459b387ab8bbedf6979e59d17,29462,historical public opus48 snapshot,generated by the show hosts (owner statement 2026-10-03); MIT with the repository
episodes/2026-06-02-p-WXHu2gU2s/fps-arena/src/assets/sprites/pickup-health.webp,604a9964ae5aa15419ad28c6c0ed4e89bf2509484bbf3d63d4485caad01d0545,26704,historical public opus48 snapshot,generated by the show hosts (owner statement 2026-10-03); MIT with the repository
episodes/2026-06-02-p-WXHu2gU2s/fps-arena/src/assets/sprites/player-heavy-back.webp,0ffb876408556b3da90eedf4e47c9bd55549ac1c5b1e700a6094497244c61e6b,66358,historical public opus48 snapshot,generated by the show hosts (owner statement 2026-10-03); MIT with the repository
episodes/2026-06-02-p-WXHu2gU2s/fps-arena/src/assets/sprites/player-heavy-front.webp,d2a6cd45f3122a848f654727fe333a3285b86ff40621026798b02a4a3ada7c83,58994,historical public opus48 snapshot,generated by the show hosts (owner statement 2026-10-03); MIT with the repository
episodes/2026-06-02-p-WXHu2gU2s/fps-arena/src/assets/sprites/player-heavy-side.webp,c930b1b5dc86fb704d1054b6d46545c2c0f741543161ee955da6eb664f57746b,59640,historical public opus48 snapshot,generated by the show hosts (owner statement 2026-10-03); MIT with the repository
episodes/2026-06-02-p-WXHu2gU2s/fps-arena/src/assets/sprites/player-medic-back.webp,744f058f6b12799f10533e174226a65fc6dd785807f9a8ef337515ea8fa40146,45154,historical public opus48 snapshot,generated by the show hosts (owner statement 2026-10-03); MIT with the repository
episodes/2026-06-02-p-WXHu2gU2s/fps-arena/src/assets/sprites/player-medic-front.webp,3b7074f862657c78909779858c411f992f2c379c02975a5a9d520b20fe378b34,43008,historical public opus48 snapshot,generated by the show hosts (owner statement 2026-10-03); MIT with the repository
episodes/2026-06-02-p-WXHu2gU2s/fps-arena/src/assets/sprites/player-medic-side.webp,17a84de7080d88bc8588ff662ffceb3b32814aa56c03a154b9601a03d96a0a38,51160,historical public opus48 snapshot,generated by the show hosts (owner statement 2026-10-03); MIT with the repository
episodes/2026-06-02-p-WXHu2gU2s/fps-arena/src/assets/sprites/player-ranger-back.webp,13d23628899b0eba74d021d9fa3243a86c7e44e5c4542bdb52db0f750c6434ca,42664,historical public opus48 snapshot,generated by the show hosts (owner statement 2026-10-03); MIT with the repository
episodes/2026-06-02-p-WXHu2gU2s/fps-arena/src/assets/sprites/player-ranger-front.webp,72da72361a79bec8c117d90c3357f6dcdb37537b5a73babcd4dfd920d5e46bfa,46884,historical public opus48 snapshot,generated by the show hosts (owner statement 2026-10-03); MIT with the repository
episodes/2026-06-02-p-WXHu2gU2s/fps-arena/src/assets/sprites/player-ranger-side.webp,86d4bdd2ae34b9f240ec547a30e3416d56ff49a5e1c28df645fa8f59caef5000,43938,historical public opus48 snapshot,generated by the show hosts (owner statement 2026-10-03); MIT with the repository
episodes/2026-06-02-p-WXHu2gU2s/fps-arena/src/assets/sprites/player-scout-back.webp,7c3257ae6851d2582699090e23dadb73d9b97c1fe37b09b8d4f798ffd964651b,44266,historical public opus48 snapshot,generated by the show hosts (owner statement 2026-10-03); MIT with the repository
episodes/2026-06-02-p-WXHu2gU2s/fps-arena/src/assets/sprites/player-scout-front.webp,53b8cad76dd2c85cc3fdb03f9222321f4fc1b44abb98b46c436bfef60ccbf2f1,36788,historical public opus48 snapshot,generated by the show hosts (owner statement 2026-10-03); MIT with the repository
episodes/2026-06-02-p-WXHu2gU2s/fps-arena/src/assets/sprites/player-scout-side.webp,6a4a77cf32e80d0d87e205a16198c99a3a3f33fe1cf78393cefbe29da43639e4,43274,historical public opus48 snapshot,generated by the show hosts (owner statement 2026-10-03); MIT with the repository
episodes/2026-06-02-p-WXHu2gU2s/fps-arena/src/assets/sprites/projectile-boss.webp,6d7b15b688a04a3c753b474a20fb95667bcc4db160cdbbfa8c8f971df9afaa27,27584,historical public opus48 snapshot,generated by the show hosts (owner statement 2026-10-03); MIT with the repository
episodes/2026-06-02-p-WXHu2gU2s/fps-arena/src/assets/sprites/projectile-enemy.webp,2e7caac75df97194b61c383e7ce7e1d3a0c07b4675bc7ba3b80b7c3e5d8e172e,20394,historical public opus48 snapshot,generated by the show hosts (owner statement 2026-10-03); MIT with the repository
episodes/2026-06-02-p-WXHu2gU2s/fps-arena/src/assets/sprites/weapon-cannon.webp,1a2fd16918a3d8d21c44fed382b300c13fd575a9126c1f268492ce8a5750e450,59940,historical public opus48 snapshot,generated by the show hosts (owner statement 2026-10-03); MIT with the repository
episodes/2026-06-02-p-WXHu2gU2s/fps-arena/src/assets/sprites/weapon-rifle.webp,77e33b9b1cedae6fbd6f724786e3b20d7d54aeb58e40f881fc6b2ffdca7ca3d4,48890,historical public opus48 snapshot,generated by the show hosts (owner statement 2026-10-03); MIT with the repository
episodes/2026-06-02-p-WXHu2gU2s/fps-arena/src/assets/sprites/weapon-shotgun.webp,f622c3476a23d608084173e9adc7cee677a4c3d2bb6011cdb73050d8fc24f921,48346,historical public opus48 snapshot,generated by the show hosts (owner statement 2026-10-03); MIT with the repository
episodes/2026-06-02-p-WXHu2gU2s/fps-arena/src/assets/sprites/weapon-smg.webp,ae328c52608aa090de2affd3d53a2468f06cefb142df0dc22ce8cab5f1fcd935,43066,historical public opus48 snapshot,generated by the show hosts (owner statement 2026-10-03); MIT with the repository
episodes/2026-06-02-p-WXHu2gU2s/fps-arena/src/assets/textures/arena-block.webp,6959942ba9ca3926abb434040faa593d277744385064387db01f15b4b7717655,29758,historical public opus48 snapshot,generated by the show hosts (owner statement 2026-10-03); MIT with the repository
episodes/2026-06-02-p-WXHu2gU2s/fps-arena/src/assets/textures/arena-column.webp,c556738149837dab3d86511bdeb5f9cf5470b5835c76cd78cd3e0a6cae5941cc,29478,historical public opus48 snapshot,generated by the show hosts (owner statement 2026-10-03); MIT with the repository
episodes/2026-06-02-p-WXHu2gU2s/fps-arena/src/assets/textures/arena-floor.webp,b9895786e9f0aceab8b4d97b4d99320c17132424858d98a8a6b184264e8d75fd,27804,historical public opus48 snapshot,generated by the show hosts (owner statement 2026-10-03); MIT with the repository
episodes/2026-06-02-p-WXHu2gU2s/fps-arena/src/assets/textures/arena-wall.webp,d279ec9b35fa7c47eff8407c2034bc13908e833941f7852bb8b4327daf211874,21024,historical public opus48 snapshot,generated by the show hosts (owner statement 2026-10-03); MIT with the repository
